date,product_name,sku,quantity_sold,revenue,category,store_id
2026-06-15,Noise Cancelling Headphones,P0131,18,341982,Electronics,S0085
2026-06-16,Noise Cancelling Headphones,P0131,19,360981,Electronics,S0085
2026-06-17,Noise Cancelling Headphones,P0131,20,379980,Electronics,S0085
2026-06-18,Noise Cancelling Headphones,P0131,20,379980,Electronics,S0085
2026-06-19,Noise Cancelling Headphones,P0131,20,379980,Electronics,S0085
2026-06-20,Noise Cancelling Headphones,P0131,23,436977,Electronics,S0085
2026-06-21,Noise Cancelling Headphones,P0131,23,436977,Electronics,S0085
2026-06-22,Noise Cancelling Headphones,P0131,18,341982,Electronics,S0085
2026-06-23,Noise Cancelling Headphones,P0131,17,322983,Electronics,S0085
2026-06-24,Noise Cancelling Headphones,P0131,17,322983,Electronics,S0085
2026-06-25,Noise Cancelling Headphones,P0131,16,303984,Electronics,S0085
2026-06-26,Noise Cancelling Headphones,P0131,16,303984,Electronics,S0085
2026-06-27,Noise Cancelling Headphones,P0131,20,379980,Electronics,S0085
2026-06-28,Noise Cancelling Headphones,P0131,21,398979,Electronics,S0085
2026-06-29,Noise Cancelling Headphones,P0131,18,341982,Electronics,S0085
2026-06-30,Noise Cancelling Headphones,P0131,19,360981,Electronics,S0085
2026-07-01,Noise Cancelling Headphones,P0131,20,379980,Electronics,S0085
2026-07-02,Noise Cancelling Headphones,P0131,21,398979,Electronics,S0085
2026-07-03,Noise Cancelling Headphones,P0131,21,398979,Electronics,S0085
2026-07-04,Noise Cancelling Headphones,P0131,24,455976,Electronics,S0085
2026-07-05,Noise Cancelling Headphones,P0131,23,436977,Electronics,S0085
2026-07-06,Noise Cancelling Headphones,P0131,19,360981,Electronics,S0085
2026-07-07,Noise Cancelling Headphones,P0131,18,341982,Electronics,S0085
2026-07-08,Noise Cancelling Headphones,P0131,17,322983,Electronics,S0085
2026-07-09,Noise Cancelling Headphones,P0131,17,322983,Electronics,S0085
2026-07-10,Noise Cancelling Headphones,P0131,17,322983,Electronics,S0085
2026-07-11,Noise Cancelling Headphones,P0131,20,379980,Electronics,S0085
2026-07-12,Noise Cancelling Headphones,P0131,21,398979,Electronics,S0085
2026-07-13,Noise Cancelling Headphones,P0131,19,360981,Electronics,S0085
2026-07-14,Noise Cancelling Headphones,P0131,20,379980,Electronics,S0085
2026-07-15,Noise Cancelling Headphones,P0131,21,398979,Electronics,S0085
2026-07-16,Noise Cancelling Headphones,P0131,21,398979,Electronics,S0085
2026-07-17,Noise Cancelling Headphones,P0131,21,398979,Electronics,S0085
2026-07-18,Noise Cancelling Headphones,P0131,25,474975,Electronics,S0085
2026-07-19,Noise Cancelling Headphones,P0131,24,455976,Electronics,S0085
2026-07-20,Noise Cancelling Headphones,P0131,19,360981,Electronics,S0085
2026-07-21,Noise Cancelling Headphones,P0131,18,341982,Electronics,S0085
2026-07-22,Noise Cancelling Headphones,P0131,17,322983,Electronics,S0085
2026-07-23,Noise Cancelling Headphones,P0131,17,322983,Electronics,S0085
2026-07-24,Noise Cancelling Headphones,P0131,17,322983,Electronics,S0085
2026-07-25,Noise Cancelling Headphones,P0131,21,398979,Electronics,S0085
2026-07-26,Noise Cancelling Headphones,P0131,22,417978,Electronics,S0085
2026-07-27,Noise Cancelling Headphones,P0131,19,360981,Electronics,S0085
2026-07-28,Noise Cancelling Headphones,P0131,20,379980,Electronics,S0085
2026-07-29,Noise Cancelling Headphones,P0131,21,398979,Electronics,S0085
2026-07-30,Noise Cancelling Headphones,P0131,22,417978,Electronics,S0085
2026-07-31,Noise Cancelling Headphones,P0131,22,417978,Electronics,S0085
2026-08-01,Noise Cancelling Headphones,P0131,25,474975,Electronics,S0085
2026-08-02,Noise Cancelling Headphones,P0131,24,455976,Electronics,S0085
2026-08-03,Noise Cancelling Headphones,P0131,20,379980,Electronics,S0085
2026-08-04,Noise Cancelling Headphones,P0131,19,360981,Electronics,S0085
2026-08-05,Noise Cancelling Headphones,P0131,18,341982,Electronics,S0085
2026-08-06,Noise Cancelling Headphones,P0131,17,322983,Electronics,S0085
2026-08-07,Noise Cancelling Headphones,P0131,17,322983,Electronics,S0085
2026-08-08,Noise Cancelling Headphones,P0131,21,398979,Electronics,S0085
2026-08-09,Noise Cancelling Headphones,P0131,22,417978,Electronics,S0085
2026-08-10,Noise Cancelling Headphones,P0131,20,379980,Electronics,S0085
2026-08-11,Noise Cancelling Headphones,P0131,21,398979,Electronics,S0085
2026-08-12,Noise Cancelling Headphones,P0131,22,417978,Electronics,S0085
2026-08-13,Noise Cancelling Headphones,P0131,22,417978,Electronics,S0085
2026-08-14,Noise Cancelling Headphones,P0131,22,417978,Electronics,S0085
2026-08-15,Noise Cancelling Headphones,P0131,26,493974,Electronics,S0085
2026-08-16,Noise Cancelling Headphones,P0131,25,474975,Electronics,S0085
2026-08-17,Noise Cancelling Headphones,P0131,20,379980,Electronics,S0085
2026-08-18,Noise Cancelling Headphones,P0131,19,360981,Electronics,S0085
2026-08-19,Noise Cancelling Headphones,P0131,18,341982,Electronics,S0085
2026-08-20,Noise Cancelling Headphones,P0131,18,341982,Electronics,S0085
2026-08-21,Noise Cancelling Headphones,P0131,18,341982,Electronics,S0085
2026-08-22,Noise Cancelling Headphones,P0131,22,417978,Electronics,S0085
2026-08-23,Noise Cancelling Headphones,P0131,23,436977,Electronics,S0085
2026-08-24,Noise Cancelling Headphones,P0131,27,512973,Electronics,S0085
2026-08-25,Noise Cancelling Headphones,P0131,29,550971,Electronics,S0085
2026-08-26,Noise Cancelling Headphones,P0131,30,569970,Electronics,S0085
2026-08-27,Noise Cancelling Headphones,P0131,31,588969,Electronics,S0085
2026-08-28,Noise Cancelling Headphones,P0131,31,588969,Electronics,S0085
2026-08-29,Noise Cancelling Headphones,P0131,36,683964,Electronics,S0085
2026-08-30,Noise Cancelling Headphones,P0131,34,645966,Electronics,S0085
2026-08-31,Noise Cancelling Headphones,P0131,20,379980,Electronics,S0085
2026-09-01,Noise Cancelling Headphones,P0131,19,360981,Electronics,S0085
2026-09-02,Noise Cancelling Headphones,P0131,19,360981,Electronics,S0085
2026-09-03,Noise Cancelling Headphones,P0131,18,341982,Electronics,S0085
2026-09-04,Noise Cancelling Headphones,P0131,18,341982,Electronics,S0085
2026-09-05,Noise Cancelling Headphones,P0131,22,417978,Electronics,S0085
2026-09-06,Noise Cancelling Headphones,P0131,23,436977,Electronics,S0085
2026-09-07,Noise Cancelling Headphones,P0131,21,398979,Electronics,S0085
2026-09-08,Noise Cancelling Headphones,P0131,22,417978,Electronics,S0085
2026-09-09,Noise Cancelling Headphones,P0131,23,436977,Electronics,S0085
2026-09-10,Noise Cancelling Headphones,P0131,23,436977,Electronics,S0085
2026-09-11,Noise Cancelling Headphones,P0131,23,436977,Electronics,S0085
2026-09-12,Noise Cancelling Headphones,P0131,27,512973,Electronics,S0085
2026-09-13,Noise Cancelling Headphones,P0131,26,493974,Electronics,S0085
2026-09-14,Noise Cancelling Headphones,P0131,21,398979,Electronics,S0085
2026-09-15,Noise Cancelling Headphones,P0131,20,379980,Electronics,S0085
2026-09-16,Noise Cancelling Headphones,P0131,19,360981,Electronics,S0085
2026-09-17,Noise Cancelling Headphones,P0131,19,360981,Electronics,S0085
2026-09-18,Noise Cancelling Headphones,P0131,19,360981,Electronics,S0085
2026-09-19,Noise Cancelling Headphones,P0131,23,436977,Electronics,S0085
2026-09-20,Noise Cancelling Headphones,P0131,24,455976,Electronics,S0085
2026-09-21,Noise Cancelling Headphones,P0131,21,398979,Electronics,S0085
2026-09-22,Noise Cancelling Headphones,P0131,22,417978,Electronics,S0085
2026-06-15,Business Laptop 15,SG-LAPTOP-15,9,1124991,Electronics,LAHORE-01
2026-06-16,Business Laptop 15,SG-LAPTOP-15,10,1249990,Electronics,LAHORE-01
2026-06-17,Business Laptop 15,SG-LAPTOP-15,10,1249990,Electronics,LAHORE-01
2026-06-18,Business Laptop 15,SG-LAPTOP-15,10,1249990,Electronics,LAHORE-01
2026-06-19,Business Laptop 15,SG-LAPTOP-15,10,1249990,Electronics,LAHORE-01
2026-06-20,Business Laptop 15,SG-LAPTOP-15,11,1374989,Electronics,LAHORE-01
2026-06-21,Business Laptop 15,SG-LAPTOP-15,11,1374989,Electronics,LAHORE-01
2026-06-22,Business Laptop 15,SG-LAPTOP-15,9,1124991,Electronics,LAHORE-01
2026-06-23,Business Laptop 15,SG-LAPTOP-15,8,999992,Electronics,LAHORE-01
2026-06-24,Business Laptop 15,SG-LAPTOP-15,8,999992,Electronics,LAHORE-01
2026-06-25,Business Laptop 15,SG-LAPTOP-15,8,999992,Electronics,LAHORE-01
2026-06-26,Business Laptop 15,SG-LAPTOP-15,8,999992,Electronics,LAHORE-01
2026-06-27,Business Laptop 15,SG-LAPTOP-15,10,1249990,Electronics,LAHORE-01
2026-06-28,Business Laptop 15,SG-LAPTOP-15,11,1374989,Electronics,LAHORE-01
2026-06-29,Business Laptop 15,SG-LAPTOP-15,10,1249990,Electronics,LAHORE-01
2026-06-30,Business Laptop 15,SG-LAPTOP-15,10,1249990,Electronics,LAHORE-01
2026-07-01,Business Laptop 15,SG-LAPTOP-15,10,1249990,Electronics,LAHORE-01
2026-07-02,Business Laptop 15,SG-LAPTOP-15,10,1249990,Electronics,LAHORE-01
2026-07-03,Business Laptop 15,SG-LAPTOP-15,10,1249990,Electronics,LAHORE-01
2026-07-04,Business Laptop 15,SG-LAPTOP-15,12,1499988,Electronics,LAHORE-01
2026-07-05,Business Laptop 15,SG-LAPTOP-15,11,1374989,Electronics,LAHORE-01
2026-07-06,Business Laptop 15,SG-LAPTOP-15,9,1124991,Electronics,LAHORE-01
2026-07-07,Business Laptop 15,SG-LAPTOP-15,9,1124991,Electronics,LAHORE-01
2026-07-08,Business Laptop 15,SG-LAPTOP-15,8,999992,Electronics,LAHORE-01
2026-07-09,Business Laptop 15,SG-LAPTOP-15,8,999992,Electronics,LAHORE-01
2026-07-10,Business Laptop 15,SG-LAPTOP-15,9,1124991,Electronics,LAHORE-01
2026-07-11,Business Laptop 15,SG-LAPTOP-15,11,1374989,Electronics,LAHORE-01
2026-07-12,Business Laptop 15,SG-LAPTOP-15,11,1374989,Electronics,LAHORE-01
2026-07-13,Business Laptop 15,SG-LAPTOP-15,10,1249990,Electronics,LAHORE-01
2026-07-14,Business Laptop 15,SG-LAPTOP-15,10,1249990,Electronics,LAHORE-01
2026-07-15,Business Laptop 15,SG-LAPTOP-15,11,1374989,Electronics,LAHORE-01
2026-07-16,Business Laptop 15,SG-LAPTOP-15,11,1374989,Electronics,LAHORE-01
2026-07-17,Business Laptop 15,SG-LAPTOP-15,10,1249990,Electronics,LAHORE-01
2026-07-18,Business Laptop 15,SG-LAPTOP-15,12,1499988,Electronics,LAHORE-01
2026-07-19,Business Laptop 15,SG-LAPTOP-15,11,1374989,Electronics,LAHORE-01
2026-07-20,Business Laptop 15,SG-LAPTOP-15,9,1124991,Electronics,LAHORE-01
2026-07-21,Business Laptop 15,SG-LAPTOP-15,9,1124991,Electronics,LAHORE-01
2026-07-22,Business Laptop 15,SG-LAPTOP-15,9,1124991,Electronics,LAHORE-01
2026-07-23,Business Laptop 15,SG-LAPTOP-15,9,1124991,Electronics,LAHORE-01
2026-07-24,Business Laptop 15,SG-LAPTOP-15,9,1124991,Electronics,LAHORE-01
2026-07-25,Business Laptop 15,SG-LAPTOP-15,11,1374989,Electronics,LAHORE-01
2026-07-26,Business Laptop 15,SG-LAPTOP-15,11,1374989,Electronics,LAHORE-01
2026-07-27,Business Laptop 15,SG-LAPTOP-15,10,1249990,Electronics,LAHORE-01
2026-07-28,Business Laptop 15,SG-LAPTOP-15,11,1374989,Electronics,LAHORE-01
2026-07-29,Business Laptop 15,SG-LAPTOP-15,11,1374989,Electronics,LAHORE-01
2026-07-30,Business Laptop 15,SG-LAPTOP-15,11,1374989,Electronics,LAHORE-01
2026-07-31,Business Laptop 15,SG-LAPTOP-15,11,1374989,Electronics,LAHORE-01
2026-08-01,Business Laptop 15,SG-LAPTOP-15,12,1499988,Electronics,LAHORE-01
2026-08-02,Business Laptop 15,SG-LAPTOP-15,12,1499988,Electronics,LAHORE-01
2026-08-03,Business Laptop 15,SG-LAPTOP-15,9,1124991,Electronics,LAHORE-01
2026-08-04,Business Laptop 15,SG-LAPTOP-15,9,1124991,Electronics,LAHORE-01
2026-08-05,Business Laptop 15,SG-LAPTOP-15,9,1124991,Electronics,LAHORE-01
2026-08-06,Business Laptop 15,SG-LAPTOP-15,9,1124991,Electronics,LAHORE-01
2026-08-07,Business Laptop 15,SG-LAPTOP-15,9,1124991,Electronics,LAHORE-01
2026-08-08,Business Laptop 15,SG-LAPTOP-15,11,1374989,Electronics,LAHORE-01
2026-08-09,Business Laptop 15,SG-LAPTOP-15,12,1499988,Electronics,LAHORE-01
2026-08-10,Business Laptop 15,SG-LAPTOP-15,11,1374989,Electronics,LAHORE-01
2026-08-11,Business Laptop 15,SG-LAPTOP-15,11,1374989,Electronics,LAHORE-01
2026-08-12,Business Laptop 15,SG-LAPTOP-15,11,1374989,Electronics,LAHORE-01
2026-08-13,Business Laptop 15,SG-LAPTOP-15,11,1374989,Electronics,LAHORE-01
2026-08-14,Business Laptop 15,SG-LAPTOP-15,11,1374989,Electronics,LAHORE-01
2026-08-15,Business Laptop 15,SG-LAPTOP-15,13,1624987,Electronics,LAHORE-01
2026-08-16,Business Laptop 15,SG-LAPTOP-15,12,1499988,Electronics,LAHORE-01
2026-08-17,Business Laptop 15,SG-LAPTOP-15,10,1249990,Electronics,LAHORE-01
2026-08-18,Business Laptop 15,SG-LAPTOP-15,9,1124991,Electronics,LAHORE-01
2026-08-19,Business Laptop 15,SG-LAPTOP-15,9,1124991,Electronics,LAHORE-01
2026-08-20,Business Laptop 15,SG-LAPTOP-15,9,1124991,Electronics,LAHORE-01
2026-08-21,Business Laptop 15,SG-LAPTOP-15,9,1124991,Electronics,LAHORE-01
2026-08-22,Business Laptop 15,SG-LAPTOP-15,11,1374989,Electronics,LAHORE-01
2026-08-23,Business Laptop 15,SG-LAPTOP-15,12,1499988,Electronics,LAHORE-01
2026-08-24,Business Laptop 15,SG-LAPTOP-15,15,1874985,Electronics,LAHORE-01
2026-08-25,Business Laptop 15,SG-LAPTOP-15,15,1874985,Electronics,LAHORE-01
2026-08-26,Business Laptop 15,SG-LAPTOP-15,15,1874985,Electronics,LAHORE-01
2026-08-27,Business Laptop 15,SG-LAPTOP-15,16,1999984,Electronics,LAHORE-01
2026-08-28,Business Laptop 15,SG-LAPTOP-15,15,1874985,Electronics,LAHORE-01
2026-08-29,Business Laptop 15,SG-LAPTOP-15,17,2124983,Electronics,LAHORE-01
2026-08-30,Business Laptop 15,SG-LAPTOP-15,16,1999984,Electronics,LAHORE-01
2026-08-31,Business Laptop 15,SG-LAPTOP-15,10,1249990,Electronics,LAHORE-01
2026-09-01,Business Laptop 15,SG-LAPTOP-15,9,1124991,Electronics,LAHORE-01
2026-09-02,Business Laptop 15,SG-LAPTOP-15,9,1124991,Electronics,LAHORE-01
2026-09-03,Business Laptop 15,SG-LAPTOP-15,9,1124991,Electronics,LAHORE-01
2026-09-04,Business Laptop 15,SG-LAPTOP-15,9,1124991,Electronics,LAHORE-01
2026-09-05,Business Laptop 15,SG-LAPTOP-15,12,1499988,Electronics,LAHORE-01
2026-09-06,Business Laptop 15,SG-LAPTOP-15,12,1499988,Electronics,LAHORE-01
2026-09-07,Business Laptop 15,SG-LAPTOP-15,11,1374989,Electronics,LAHORE-01
2026-09-08,Business Laptop 15,SG-LAPTOP-15,11,1374989,Electronics,LAHORE-01
2026-09-09,Business Laptop 15,SG-LAPTOP-15,12,1499988,Electronics,LAHORE-01
2026-09-10,Business Laptop 15,SG-LAPTOP-15,12,1499988,Electronics,LAHORE-01
2026-09-11,Business Laptop 15,SG-LAPTOP-15,12,1499988,Electronics,LAHORE-01
2026-09-12,Business Laptop 15,SG-LAPTOP-15,13,1624987,Electronics,LAHORE-01
2026-09-13,Business Laptop 15,SG-LAPTOP-15,12,1499988,Electronics,LAHORE-01
2026-09-14,Business Laptop 15,SG-LAPTOP-15,10,1249990,Electronics,LAHORE-01
2026-09-15,Business Laptop 15,SG-LAPTOP-15,10,1249990,Electronics,LAHORE-01
2026-09-16,Business Laptop 15,SG-LAPTOP-15,9,1124991,Electronics,LAHORE-01
2026-09-17,Business Laptop 15,SG-LAPTOP-15,9,1124991,Electronics,LAHORE-01
2026-09-18,Business Laptop 15,SG-LAPTOP-15,10,1249990,Electronics,LAHORE-01
2026-09-19,Business Laptop 15,SG-LAPTOP-15,12,1499988,Electronics,LAHORE-01
2026-09-20,Business Laptop 15,SG-LAPTOP-15,13,1624987,Electronics,LAHORE-01
2026-09-21,Business Laptop 15,SG-LAPTOP-15,11,1374989,Electronics,LAHORE-01
2026-09-22,Business Laptop 15,SG-LAPTOP-15,12,1499988,Electronics,LAHORE-01
2026-06-15,Premium Basmati Rice 10kg,SG-RICE-10KG,35,147000,Food,LAHORE-01
2026-06-16,Premium Basmati Rice 10kg,SG-RICE-10KG,36,151200,Food,LAHORE-01
2026-06-17,Premium Basmati Rice 10kg,SG-RICE-10KG,36,151200,Food,LAHORE-01
2026-06-18,Premium Basmati Rice 10kg,SG-RICE-10KG,35,147000,Food,LAHORE-01
2026-06-19,Premium Basmati Rice 10kg,SG-RICE-10KG,34,142800,Food,LAHORE-01
2026-06-20,Premium Basmati Rice 10kg,SG-RICE-10KG,38,159600,Food,LAHORE-01
2026-06-21,Premium Basmati Rice 10kg,SG-RICE-10KG,36,151200,Food,LAHORE-01
2026-06-22,Premium Basmati Rice 10kg,SG-RICE-10KG,29,121800,Food,LAHORE-01
2026-06-23,Premium Basmati Rice 10kg,SG-RICE-10KG,29,121800,Food,LAHORE-01
2026-06-24,Premium Basmati Rice 10kg,SG-RICE-10KG,29,121800,Food,LAHORE-01
2026-06-25,Premium Basmati Rice 10kg,SG-RICE-10KG,30,126000,Food,LAHORE-01
2026-06-26,Premium Basmati Rice 10kg,SG-RICE-10KG,31,130200,Food,LAHORE-01
2026-06-27,Premium Basmati Rice 10kg,SG-RICE-10KG,39,163800,Food,LAHORE-01
2026-06-28,Premium Basmati Rice 10kg,SG-RICE-10KG,41,172200,Food,LAHORE-01
2026-06-29,Premium Basmati Rice 10kg,SG-RICE-10KG,36,151200,Food,LAHORE-01
2026-06-30,Premium Basmati Rice 10kg,SG-RICE-10KG,37,155400,Food,LAHORE-01
2026-07-01,Premium Basmati Rice 10kg,SG-RICE-10KG,37,155400,Food,LAHORE-01
2026-07-02,Premium Basmati Rice 10kg,SG-RICE-10KG,36,151200,Food,LAHORE-01
2026-07-03,Premium Basmati Rice 10kg,SG-RICE-10KG,35,147000,Food,LAHORE-01
2026-07-04,Premium Basmati Rice 10kg,SG-RICE-10KG,39,163800,Food,LAHORE-01
2026-07-05,Premium Basmati Rice 10kg,SG-RICE-10KG,37,155400,Food,LAHORE-01
2026-07-06,Premium Basmati Rice 10kg,SG-RICE-10KG,30,126000,Food,LAHORE-01
2026-07-07,Premium Basmati Rice 10kg,SG-RICE-10KG,30,126000,Food,LAHORE-01
2026-07-08,Premium Basmati Rice 10kg,SG-RICE-10KG,30,126000,Food,LAHORE-01
2026-07-09,Premium Basmati Rice 10kg,SG-RICE-10KG,30,126000,Food,LAHORE-01
2026-07-10,Premium Basmati Rice 10kg,SG-RICE-10KG,32,134400,Food,LAHORE-01
2026-07-11,Premium Basmati Rice 10kg,SG-RICE-10KG,40,168000,Food,LAHORE-01
2026-07-12,Premium Basmati Rice 10kg,SG-RICE-10KG,42,176400,Food,LAHORE-01
2026-07-13,Premium Basmati Rice 10kg,SG-RICE-10KG,37,155400,Food,LAHORE-01
2026-07-14,Premium Basmati Rice 10kg,SG-RICE-10KG,38,159600,Food,LAHORE-01
2026-07-15,Premium Basmati Rice 10kg,SG-RICE-10KG,38,159600,Food,LAHORE-01
2026-07-16,Premium Basmati Rice 10kg,SG-RICE-10KG,37,155400,Food,LAHORE-01
2026-07-17,Premium Basmati Rice 10kg,SG-RICE-10KG,36,151200,Food,LAHORE-01
2026-07-18,Premium Basmati Rice 10kg,SG-RICE-10KG,40,168000,Food,LAHORE-01
2026-07-19,Premium Basmati Rice 10kg,SG-RICE-10KG,38,159600,Food,LAHORE-01
2026-07-20,Premium Basmati Rice 10kg,SG-RICE-10KG,31,130200,Food,LAHORE-01
2026-07-21,Premium Basmati Rice 10kg,SG-RICE-10KG,30,126000,Food,LAHORE-01
2026-07-22,Premium Basmati Rice 10kg,SG-RICE-10KG,30,126000,Food,LAHORE-01
2026-07-23,Premium Basmati Rice 10kg,SG-RICE-10KG,31,130200,Food,LAHORE-01
2026-07-24,Premium Basmati Rice 10kg,SG-RICE-10KG,33,138600,Food,LAHORE-01
2026-07-25,Premium Basmati Rice 10kg,SG-RICE-10KG,41,172200,Food,LAHORE-01
2026-07-26,Premium Basmati Rice 10kg,SG-RICE-10KG,43,180600,Food,LAHORE-01
2026-07-27,Premium Basmati Rice 10kg,SG-RICE-10KG,38,159600,Food,LAHORE-01
2026-07-28,Premium Basmati Rice 10kg,SG-RICE-10KG,39,163800,Food,LAHORE-01
2026-07-29,Premium Basmati Rice 10kg,SG-RICE-10KG,39,163800,Food,LAHORE-01
2026-07-30,Premium Basmati Rice 10kg,SG-RICE-10KG,38,159600,Food,LAHORE-01
2026-07-31,Premium Basmati Rice 10kg,SG-RICE-10KG,37,155400,Food,LAHORE-01
2026-08-01,Premium Basmati Rice 10kg,SG-RICE-10KG,41,172200,Food,LAHORE-01
2026-08-02,Premium Basmati Rice 10kg,SG-RICE-10KG,39,163800,Food,LAHORE-01
2026-08-03,Premium Basmati Rice 10kg,SG-RICE-10KG,32,134400,Food,LAHORE-01
2026-08-04,Premium Basmati Rice 10kg,SG-RICE-10KG,31,130200,Food,LAHORE-01
2026-08-05,Premium Basmati Rice 10kg,SG-RICE-10KG,31,130200,Food,LAHORE-01
2026-08-06,Premium Basmati Rice 10kg,SG-RICE-10KG,32,134400,Food,LAHORE-01
2026-08-07,Premium Basmati Rice 10kg,SG-RICE-10KG,34,142800,Food,LAHORE-01
2026-08-08,Premium Basmati Rice 10kg,SG-RICE-10KG,42,176400,Food,LAHORE-01
2026-08-09,Premium Basmati Rice 10kg,SG-RICE-10KG,44,184800,Food,LAHORE-01
2026-08-10,Premium Basmati Rice 10kg,SG-RICE-10KG,39,163800,Food,LAHORE-01
2026-08-11,Premium Basmati Rice 10kg,SG-RICE-10KG,40,168000,Food,LAHORE-01
2026-08-12,Premium Basmati Rice 10kg,SG-RICE-10KG,40,168000,Food,LAHORE-01
2026-08-13,Premium Basmati Rice 10kg,SG-RICE-10KG,39,163800,Food,LAHORE-01
2026-08-14,Premium Basmati Rice 10kg,SG-RICE-10KG,38,159600,Food,LAHORE-01
2026-08-15,Premium Basmati Rice 10kg,SG-RICE-10KG,43,180600,Food,LAHORE-01
2026-08-16,Premium Basmati Rice 10kg,SG-RICE-10KG,40,168000,Food,LAHORE-01
2026-08-17,Premium Basmati Rice 10kg,SG-RICE-10KG,33,138600,Food,LAHORE-01
2026-08-18,Premium Basmati Rice 10kg,SG-RICE-10KG,32,134400,Food,LAHORE-01
2026-08-19,Premium Basmati Rice 10kg,SG-RICE-10KG,32,134400,Food,LAHORE-01
2026-08-20,Premium Basmati Rice 10kg,SG-RICE-10KG,33,138600,Food,LAHORE-01
2026-08-21,Premium Basmati Rice 10kg,SG-RICE-10KG,35,147000,Food,LAHORE-01
2026-08-22,Premium Basmati Rice 10kg,SG-RICE-10KG,43,180600,Food,LAHORE-01
2026-08-23,Premium Basmati Rice 10kg,SG-RICE-10KG,45,189000,Food,LAHORE-01
2026-08-24,Premium Basmati Rice 10kg,SG-RICE-10KG,54,226800,Food,LAHORE-01
2026-08-25,Premium Basmati Rice 10kg,SG-RICE-10KG,55,231000,Food,LAHORE-01
2026-08-26,Premium Basmati Rice 10kg,SG-RICE-10KG,56,235200,Food,LAHORE-01
2026-08-27,Premium Basmati Rice 10kg,SG-RICE-10KG,54,226800,Food,LAHORE-01
2026-08-28,Premium Basmati Rice 10kg,SG-RICE-10KG,53,222600,Food,LAHORE-01
2026-08-29,Premium Basmati Rice 10kg,SG-RICE-10KG,59,247800,Food,LAHORE-01
2026-08-30,Premium Basmati Rice 10kg,SG-RICE-10KG,56,235200,Food,LAHORE-01
2026-08-31,Premium Basmati Rice 10kg,SG-RICE-10KG,34,142800,Food,LAHORE-01
2026-09-01,Premium Basmati Rice 10kg,SG-RICE-10KG,33,138600,Food,LAHORE-01
2026-09-02,Premium Basmati Rice 10kg,SG-RICE-10KG,33,138600,Food,LAHORE-01
2026-09-03,Premium Basmati Rice 10kg,SG-RICE-10KG,34,142800,Food,LAHORE-01
2026-09-04,Premium Basmati Rice 10kg,SG-RICE-10KG,35,147000,Food,LAHORE-01
2026-09-05,Premium Basmati Rice 10kg,SG-RICE-10KG,44,184800,Food,LAHORE-01
2026-09-06,Premium Basmati Rice 10kg,SG-RICE-10KG,47,197400,Food,LAHORE-01
2026-09-07,Premium Basmati Rice 10kg,SG-RICE-10KG,41,172200,Food,LAHORE-01
2026-09-08,Premium Basmati Rice 10kg,SG-RICE-10KG,42,176400,Food,LAHORE-01
2026-09-09,Premium Basmati Rice 10kg,SG-RICE-10KG,42,176400,Food,LAHORE-01
2026-09-10,Premium Basmati Rice 10kg,SG-RICE-10KG,41,172200,Food,LAHORE-01
2026-09-11,Premium Basmati Rice 10kg,SG-RICE-10KG,40,168000,Food,LAHORE-01
2026-09-12,Premium Basmati Rice 10kg,SG-RICE-10KG,45,189000,Food,LAHORE-01
2026-09-13,Premium Basmati Rice 10kg,SG-RICE-10KG,43,180600,Food,LAHORE-01
2026-09-14,Premium Basmati Rice 10kg,SG-RICE-10KG,35,147000,Food,LAHORE-01
2026-09-15,Premium Basmati Rice 10kg,SG-RICE-10KG,34,142800,Food,LAHORE-01
2026-09-16,Premium Basmati Rice 10kg,SG-RICE-10KG,34,142800,Food,LAHORE-01
2026-09-17,Premium Basmati Rice 10kg,SG-RICE-10KG,35,147000,Food,LAHORE-01
2026-09-18,Premium Basmati Rice 10kg,SG-RICE-10KG,36,151200,Food,LAHORE-01
2026-09-19,Premium Basmati Rice 10kg,SG-RICE-10KG,45,189000,Food,LAHORE-01
2026-09-20,Premium Basmati Rice 10kg,SG-RICE-10KG,48,201600,Food,LAHORE-01
2026-09-21,Premium Basmati Rice 10kg,SG-RICE-10KG,42,176400,Food,LAHORE-01
2026-09-22,Premium Basmati Rice 10kg,SG-RICE-10KG,43,180600,Food,LAHORE-01
2026-06-15,Performance Running Shoes,SG-SHOES-001,17,314500,Sports,ISLAMABAD-01
2026-06-16,Performance Running Shoes,SG-SHOES-001,17,314500,Sports,ISLAMABAD-01
2026-06-17,Performance Running Shoes,SG-SHOES-001,16,296000,Sports,ISLAMABAD-01
2026-06-18,Performance Running Shoes,SG-SHOES-001,16,296000,Sports,ISLAMABAD-01
2026-06-19,Performance Running Shoes,SG-SHOES-001,15,277500,Sports,ISLAMABAD-01
2026-06-20,Performance Running Shoes,SG-SHOES-001,17,314500,Sports,ISLAMABAD-01
2026-06-21,Performance Running Shoes,SG-SHOES-001,16,296000,Sports,ISLAMABAD-01
2026-06-22,Performance Running Shoes,SG-SHOES-001,13,240500,Sports,ISLAMABAD-01
2026-06-23,Performance Running Shoes,SG-SHOES-001,13,240500,Sports,ISLAMABAD-01
2026-06-24,Performance Running Shoes,SG-SHOES-001,14,259000,Sports,ISLAMABAD-01
2026-06-25,Performance Running Shoes,SG-SHOES-001,15,277500,Sports,ISLAMABAD-01
2026-06-26,Performance Running Shoes,SG-SHOES-001,15,277500,Sports,ISLAMABAD-01
2026-06-27,Performance Running Shoes,SG-SHOES-001,19,351500,Sports,ISLAMABAD-01
2026-06-28,Performance Running Shoes,SG-SHOES-001,20,370000,Sports,ISLAMABAD-01
2026-06-29,Performance Running Shoes,SG-SHOES-001,17,314500,Sports,ISLAMABAD-01
2026-06-30,Performance Running Shoes,SG-SHOES-001,17,314500,Sports,ISLAMABAD-01
2026-07-01,Performance Running Shoes,SG-SHOES-001,17,314500,Sports,ISLAMABAD-01
2026-07-02,Performance Running Shoes,SG-SHOES-001,16,296000,Sports,ISLAMABAD-01
2026-07-03,Performance Running Shoes,SG-SHOES-001,16,296000,Sports,ISLAMABAD-01
2026-07-04,Performance Running Shoes,SG-SHOES-001,17,314500,Sports,ISLAMABAD-01
2026-07-05,Performance Running Shoes,SG-SHOES-001,17,314500,Sports,ISLAMABAD-01
2026-07-06,Performance Running Shoes,SG-SHOES-001,14,259000,Sports,ISLAMABAD-01
2026-07-07,Performance Running Shoes,SG-SHOES-001,14,259000,Sports,ISLAMABAD-01
2026-07-08,Performance Running Shoes,SG-SHOES-001,14,259000,Sports,ISLAMABAD-01
2026-07-09,Performance Running Shoes,SG-SHOES-001,15,277500,Sports,ISLAMABAD-01
2026-07-10,Performance Running Shoes,SG-SHOES-001,16,296000,Sports,ISLAMABAD-01
2026-07-11,Performance Running Shoes,SG-SHOES-001,20,370000,Sports,ISLAMABAD-01
2026-07-12,Performance Running Shoes,SG-SHOES-001,21,388500,Sports,ISLAMABAD-01
2026-07-13,Performance Running Shoes,SG-SHOES-001,18,333000,Sports,ISLAMABAD-01
2026-07-14,Performance Running Shoes,SG-SHOES-001,18,333000,Sports,ISLAMABAD-01
2026-07-15,Performance Running Shoes,SG-SHOES-001,18,333000,Sports,ISLAMABAD-01
2026-07-16,Performance Running Shoes,SG-SHOES-001,17,314500,Sports,ISLAMABAD-01
2026-07-17,Performance Running Shoes,SG-SHOES-001,16,296000,Sports,ISLAMABAD-01
2026-07-18,Performance Running Shoes,SG-SHOES-001,18,333000,Sports,ISLAMABAD-01
2026-07-19,Performance Running Shoes,SG-SHOES-001,17,314500,Sports,ISLAMABAD-01
2026-07-20,Performance Running Shoes,SG-SHOES-001,14,259000,Sports,ISLAMABAD-01
2026-07-21,Performance Running Shoes,SG-SHOES-001,14,259000,Sports,ISLAMABAD-01
2026-07-22,Performance Running Shoes,SG-SHOES-001,15,277500,Sports,ISLAMABAD-01
2026-07-23,Performance Running Shoes,SG-SHOES-001,15,277500,Sports,ISLAMABAD-01
2026-07-24,Performance Running Shoes,SG-SHOES-001,16,296000,Sports,ISLAMABAD-01
2026-07-25,Performance Running Shoes,SG-SHOES-001,20,370000,Sports,ISLAMABAD-01
2026-07-26,Performance Running Shoes,SG-SHOES-001,21,388500,Sports,ISLAMABAD-01
2026-07-27,Performance Running Shoes,SG-SHOES-001,18,333000,Sports,ISLAMABAD-01
2026-07-28,Performance Running Shoes,SG-SHOES-001,18,333000,Sports,ISLAMABAD-01
2026-07-29,Performance Running Shoes,SG-SHOES-001,18,333000,Sports,ISLAMABAD-01
2026-07-30,Performance Running Shoes,SG-SHOES-001,17,314500,Sports,ISLAMABAD-01
2026-07-31,Performance Running Shoes,SG-SHOES-001,17,314500,Sports,ISLAMABAD-01
2026-08-01,Performance Running Shoes,SG-SHOES-001,19,351500,Sports,ISLAMABAD-01
2026-08-02,Performance Running Shoes,SG-SHOES-001,18,333000,Sports,ISLAMABAD-01
2026-08-03,Performance Running Shoes,SG-SHOES-001,15,277500,Sports,ISLAMABAD-01
2026-08-04,Performance Running Shoes,SG-SHOES-001,15,277500,Sports,ISLAMABAD-01
2026-08-05,Performance Running Shoes,SG-SHOES-001,15,277500,Sports,ISLAMABAD-01
2026-08-06,Performance Running Shoes,SG-SHOES-001,16,296000,Sports,ISLAMABAD-01
2026-08-07,Performance Running Shoes,SG-SHOES-001,17,314500,Sports,ISLAMABAD-01
2026-08-08,Performance Running Shoes,SG-SHOES-001,21,388500,Sports,ISLAMABAD-01
2026-08-09,Performance Running Shoes,SG-SHOES-001,22,407000,Sports,ISLAMABAD-01
2026-08-10,Performance Running Shoes,SG-SHOES-001,19,351500,Sports,ISLAMABAD-01
2026-08-11,Performance Running Shoes,SG-SHOES-001,19,351500,Sports,ISLAMABAD-01
2026-08-12,Performance Running Shoes,SG-SHOES-001,19,351500,Sports,ISLAMABAD-01
2026-08-13,Performance Running Shoes,SG-SHOES-001,18,333000,Sports,ISLAMABAD-01
2026-08-14,Performance Running Shoes,SG-SHOES-001,17,314500,Sports,ISLAMABAD-01
2026-08-15,Performance Running Shoes,SG-SHOES-001,19,351500,Sports,ISLAMABAD-01
2026-08-16,Performance Running Shoes,SG-SHOES-001,18,333000,Sports,ISLAMABAD-01
2026-08-17,Performance Running Shoes,SG-SHOES-001,15,277500,Sports,ISLAMABAD-01
2026-08-18,Performance Running Shoes,SG-SHOES-001,15,277500,Sports,ISLAMABAD-01
2026-08-19,Performance Running Shoes,SG-SHOES-001,16,296000,Sports,ISLAMABAD-01
2026-08-20,Performance Running Shoes,SG-SHOES-001,16,296000,Sports,ISLAMABAD-01
2026-08-21,Performance Running Shoes,SG-SHOES-001,17,314500,Sports,ISLAMABAD-01
2026-08-22,Performance Running Shoes,SG-SHOES-001,21,388500,Sports,ISLAMABAD-01
2026-08-23,Performance Running Shoes,SG-SHOES-001,22,407000,Sports,ISLAMABAD-01
2026-08-24,Performance Running Shoes,SG-SHOES-001,26,481000,Sports,ISLAMABAD-01
2026-08-25,Performance Running Shoes,SG-SHOES-001,26,481000,Sports,ISLAMABAD-01
2026-08-26,Performance Running Shoes,SG-SHOES-001,26,481000,Sports,ISLAMABAD-01
2026-08-27,Performance Running Shoes,SG-SHOES-001,25,462500,Sports,ISLAMABAD-01
2026-08-28,Performance Running Shoes,SG-SHOES-001,24,444000,Sports,ISLAMABAD-01
2026-08-29,Performance Running Shoes,SG-SHOES-001,26,481000,Sports,ISLAMABAD-01
2026-08-30,Performance Running Shoes,SG-SHOES-001,25,462500,Sports,ISLAMABAD-01
2026-08-31,Performance Running Shoes,SG-SHOES-001,16,296000,Sports,ISLAMABAD-01
2026-09-01,Performance Running Shoes,SG-SHOES-001,16,296000,Sports,ISLAMABAD-01
2026-09-02,Performance Running Shoes,SG-SHOES-001,16,296000,Sports,ISLAMABAD-01
2026-09-03,Performance Running Shoes,SG-SHOES-001,17,314500,Sports,ISLAMABAD-01
2026-09-04,Performance Running Shoes,SG-SHOES-001,18,333000,Sports,ISLAMABAD-01
2026-09-05,Performance Running Shoes,SG-SHOES-001,22,407000,Sports,ISLAMABAD-01
2026-09-06,Performance Running Shoes,SG-SHOES-001,23,425500,Sports,ISLAMABAD-01
2026-09-07,Performance Running Shoes,SG-SHOES-001,20,370000,Sports,ISLAMABAD-01
2026-09-08,Performance Running Shoes,SG-SHOES-001,20,370000,Sports,ISLAMABAD-01
2026-09-09,Performance Running Shoes,SG-SHOES-001,20,370000,Sports,ISLAMABAD-01
2026-09-10,Performance Running Shoes,SG-SHOES-001,19,351500,Sports,ISLAMABAD-01
2026-09-11,Performance Running Shoes,SG-SHOES-001,18,333000,Sports,ISLAMABAD-01
2026-09-12,Performance Running Shoes,SG-SHOES-001,20,370000,Sports,ISLAMABAD-01
2026-09-13,Performance Running Shoes,SG-SHOES-001,19,351500,Sports,ISLAMABAD-01
2026-09-14,Performance Running Shoes,SG-SHOES-001,16,296000,Sports,ISLAMABAD-01
2026-09-15,Performance Running Shoes,SG-SHOES-001,16,296000,Sports,ISLAMABAD-01
2026-09-16,Performance Running Shoes,SG-SHOES-001,16,296000,Sports,ISLAMABAD-01
2026-09-17,Performance Running Shoes,SG-SHOES-001,17,314500,Sports,ISLAMABAD-01
2026-09-18,Performance Running Shoes,SG-SHOES-001,18,333000,Sports,ISLAMABAD-01
2026-09-19,Performance Running Shoes,SG-SHOES-001,23,425500,Sports,ISLAMABAD-01
2026-09-20,Performance Running Shoes,SG-SHOES-001,24,444000,Sports,ISLAMABAD-01
2026-09-21,Performance Running Shoes,SG-SHOES-001,20,370000,Sports,ISLAMABAD-01
2026-09-22,Performance Running Shoes,SG-SHOES-001,20,370000,Sports,ISLAMABAD-01
2026-06-15,Classic Denim Jeans,SG-JEANS-501,23,195500,Fashion,KARACHI-01
2026-06-16,Classic Denim Jeans,SG-JEANS-501,23,195500,Fashion,KARACHI-01
2026-06-17,Classic Denim Jeans,SG-JEANS-501,22,187000,Fashion,KARACHI-01
2026-06-18,Classic Denim Jeans,SG-JEANS-501,21,178500,Fashion,KARACHI-01
2026-06-19,Classic Denim Jeans,SG-JEANS-501,20,170000,Fashion,KARACHI-01
2026-06-20,Classic Denim Jeans,SG-JEANS-501,23,195500,Fashion,KARACHI-01
2026-06-21,Classic Denim Jeans,SG-JEANS-501,22,187000,Fashion,KARACHI-01
2026-06-22,Classic Denim Jeans,SG-JEANS-501,19,161500,Fashion,KARACHI-01
2026-06-23,Classic Denim Jeans,SG-JEANS-501,19,161500,Fashion,KARACHI-01
2026-06-24,Classic Denim Jeans,SG-JEANS-501,20,170000,Fashion,KARACHI-01
2026-06-25,Classic Denim Jeans,SG-JEANS-501,22,187000,Fashion,KARACHI-01
2026-06-26,Classic Denim Jeans,SG-JEANS-501,23,195500,Fashion,KARACHI-01
2026-06-27,Classic Denim Jeans,SG-JEANS-501,28,238000,Fashion,KARACHI-01
2026-06-28,Classic Denim Jeans,SG-JEANS-501,29,246500,Fashion,KARACHI-01
2026-06-29,Classic Denim Jeans,SG-JEANS-501,24,204000,Fashion,KARACHI-01
2026-06-30,Classic Denim Jeans,SG-JEANS-501,24,204000,Fashion,KARACHI-01
2026-07-01,Classic Denim Jeans,SG-JEANS-501,23,195500,Fashion,KARACHI-01
2026-07-02,Classic Denim Jeans,SG-JEANS-501,22,187000,Fashion,KARACHI-01
2026-07-03,Classic Denim Jeans,SG-JEANS-501,21,178500,Fashion,KARACHI-01
2026-07-04,Classic Denim Jeans,SG-JEANS-501,23,195500,Fashion,KARACHI-01
2026-07-05,Classic Denim Jeans,SG-JEANS-501,23,195500,Fashion,KARACHI-01
2026-07-06,Classic Denim Jeans,SG-JEANS-501,19,161500,Fashion,KARACHI-01
2026-07-07,Classic Denim Jeans,SG-JEANS-501,20,170000,Fashion,KARACHI-01
2026-07-08,Classic Denim Jeans,SG-JEANS-501,21,178500,Fashion,KARACHI-01
2026-07-09,Classic Denim Jeans,SG-JEANS-501,22,187000,Fashion,KARACHI-01
2026-07-10,Classic Denim Jeans,SG-JEANS-501,23,195500,Fashion,KARACHI-01
2026-07-11,Classic Denim Jeans,SG-JEANS-501,29,246500,Fashion,KARACHI-01
2026-07-12,Classic Denim Jeans,SG-JEANS-501,29,246500,Fashion,KARACHI-01
2026-07-13,Classic Denim Jeans,SG-JEANS-501,25,212500,Fashion,KARACHI-01
2026-07-14,Classic Denim Jeans,SG-JEANS-501,25,212500,Fashion,KARACHI-01
2026-07-15,Classic Denim Jeans,SG-JEANS-501,24,204000,Fashion,KARACHI-01
2026-07-16,Classic Denim Jeans,SG-JEANS-501,23,195500,Fashion,KARACHI-01
2026-07-17,Classic Denim Jeans,SG-JEANS-501,21,178500,Fashion,KARACHI-01
2026-07-18,Classic Denim Jeans,SG-JEANS-501,24,204000,Fashion,KARACHI-01
2026-07-19,Classic Denim Jeans,SG-JEANS-501,24,204000,Fashion,KARACHI-01
2026-07-20,Classic Denim Jeans,SG-JEANS-501,20,170000,Fashion,KARACHI-01
2026-07-21,Classic Denim Jeans,SG-JEANS-501,21,178500,Fashion,KARACHI-01
2026-07-22,Classic Denim Jeans,SG-JEANS-501,22,187000,Fashion,KARACHI-01
2026-07-23,Classic Denim Jeans,SG-JEANS-501,23,195500,Fashion,KARACHI-01
2026-07-24,Classic Denim Jeans,SG-JEANS-501,24,204000,Fashion,KARACHI-01
2026-07-25,Classic Denim Jeans,SG-JEANS-501,30,255000,Fashion,KARACHI-01
2026-07-26,Classic Denim Jeans,SG-JEANS-501,30,255000,Fashion,KARACHI-01
2026-07-27,Classic Denim Jeans,SG-JEANS-501,26,221000,Fashion,KARACHI-01
2026-07-28,Classic Denim Jeans,SG-JEANS-501,25,212500,Fashion,KARACHI-01
2026-07-29,Classic Denim Jeans,SG-JEANS-501,24,204000,Fashion,KARACHI-01
2026-07-30,Classic Denim Jeans,SG-JEANS-501,23,195500,Fashion,KARACHI-01
2026-07-31,Classic Denim Jeans,SG-JEANS-501,22,187000,Fashion,KARACHI-01
2026-08-01,Classic Denim Jeans,SG-JEANS-501,25,212500,Fashion,KARACHI-01
2026-08-02,Classic Denim Jeans,SG-JEANS-501,24,204000,Fashion,KARACHI-01
2026-08-03,Classic Denim Jeans,SG-JEANS-501,21,178500,Fashion,KARACHI-01
2026-08-04,Classic Denim Jeans,SG-JEANS-501,21,178500,Fashion,KARACHI-01
2026-08-05,Classic Denim Jeans,SG-JEANS-501,22,187000,Fashion,KARACHI-01
2026-08-06,Classic Denim Jeans,SG-JEANS-501,24,204000,Fashion,KARACHI-01
2026-08-07,Classic Denim Jeans,SG-JEANS-501,25,212500,Fashion,KARACHI-01
2026-08-08,Classic Denim Jeans,SG-JEANS-501,31,263500,Fashion,KARACHI-01
2026-08-09,Classic Denim Jeans,SG-JEANS-501,31,263500,Fashion,KARACHI-01
2026-08-10,Classic Denim Jeans,SG-JEANS-501,27,229500,Fashion,KARACHI-01
2026-08-11,Classic Denim Jeans,SG-JEANS-501,26,221000,Fashion,KARACHI-01
2026-08-12,Classic Denim Jeans,SG-JEANS-501,25,212500,Fashion,KARACHI-01
2026-08-13,Classic Denim Jeans,SG-JEANS-501,24,204000,Fashion,KARACHI-01
2026-08-14,Classic Denim Jeans,SG-JEANS-501,23,195500,Fashion,KARACHI-01
2026-08-15,Classic Denim Jeans,SG-JEANS-501,26,221000,Fashion,KARACHI-01
2026-08-16,Classic Denim Jeans,SG-JEANS-501,25,212500,Fashion,KARACHI-01
2026-08-17,Classic Denim Jeans,SG-JEANS-501,21,178500,Fashion,KARACHI-01
2026-08-18,Classic Denim Jeans,SG-JEANS-501,22,187000,Fashion,KARACHI-01
2026-08-19,Classic Denim Jeans,SG-JEANS-501,23,195500,Fashion,KARACHI-01
2026-08-20,Classic Denim Jeans,SG-JEANS-501,24,204000,Fashion,KARACHI-01
2026-08-21,Classic Denim Jeans,SG-JEANS-501,26,221000,Fashion,KARACHI-01
2026-08-22,Classic Denim Jeans,SG-JEANS-501,32,272000,Fashion,KARACHI-01
2026-08-23,Classic Denim Jeans,SG-JEANS-501,32,272000,Fashion,KARACHI-01
2026-08-24,Classic Denim Jeans,SG-JEANS-501,37,314500,Fashion,KARACHI-01
2026-08-25,Classic Denim Jeans,SG-JEANS-501,36,306000,Fashion,KARACHI-01
2026-08-26,Classic Denim Jeans,SG-JEANS-501,35,297500,Fashion,KARACHI-01
2026-08-27,Classic Denim Jeans,SG-JEANS-501,33,280500,Fashion,KARACHI-01
2026-08-28,Classic Denim Jeans,SG-JEANS-501,32,272000,Fashion,KARACHI-01
2026-08-29,Classic Denim Jeans,SG-JEANS-501,36,306000,Fashion,KARACHI-01
2026-08-30,Classic Denim Jeans,SG-JEANS-501,35,297500,Fashion,KARACHI-01
2026-08-31,Classic Denim Jeans,SG-JEANS-501,22,187000,Fashion,KARACHI-01
2026-09-01,Classic Denim Jeans,SG-JEANS-501,23,195500,Fashion,KARACHI-01
2026-09-02,Classic Denim Jeans,SG-JEANS-501,24,204000,Fashion,KARACHI-01
2026-09-03,Classic Denim Jeans,SG-JEANS-501,25,212500,Fashion,KARACHI-01
2026-09-04,Classic Denim Jeans,SG-JEANS-501,26,221000,Fashion,KARACHI-01
2026-09-05,Classic Denim Jeans,SG-JEANS-501,32,272000,Fashion,KARACHI-01
2026-09-06,Classic Denim Jeans,SG-JEANS-501,33,280500,Fashion,KARACHI-01
2026-09-07,Classic Denim Jeans,SG-JEANS-501,28,238000,Fashion,KARACHI-01
2026-09-08,Classic Denim Jeans,SG-JEANS-501,28,238000,Fashion,KARACHI-01
2026-09-09,Classic Denim Jeans,SG-JEANS-501,27,229500,Fashion,KARACHI-01
2026-09-10,Classic Denim Jeans,SG-JEANS-501,25,212500,Fashion,KARACHI-01
2026-09-11,Classic Denim Jeans,SG-JEANS-501,24,204000,Fashion,KARACHI-01
2026-09-12,Classic Denim Jeans,SG-JEANS-501,27,229500,Fashion,KARACHI-01
2026-09-13,Classic Denim Jeans,SG-JEANS-501,27,229500,Fashion,KARACHI-01
2026-09-14,Classic Denim Jeans,SG-JEANS-501,23,195500,Fashion,KARACHI-01
2026-09-15,Classic Denim Jeans,SG-JEANS-501,23,195500,Fashion,KARACHI-01
2026-09-16,Classic Denim Jeans,SG-JEANS-501,24,204000,Fashion,KARACHI-01
2026-09-17,Classic Denim Jeans,SG-JEANS-501,26,221000,Fashion,KARACHI-01
2026-09-18,Classic Denim Jeans,SG-JEANS-501,27,229500,Fashion,KARACHI-01
2026-09-19,Classic Denim Jeans,SG-JEANS-501,33,280500,Fashion,KARACHI-01
2026-09-20,Classic Denim Jeans,SG-JEANS-501,34,289000,Fashion,KARACHI-01
2026-09-21,Classic Denim Jeans,SG-JEANS-501,29,246500,Fashion,KARACHI-01
2026-09-22,Classic Denim Jeans,SG-JEANS-501,28,238000,Fashion,KARACHI-01
2026-06-15,Premium Coffee Beans 1kg,SG-COFFEE-1KG,19,68400,Food,ISLAMABAD-01
2026-06-16,Premium Coffee Beans 1kg,SG-COFFEE-1KG,18,64800,Food,ISLAMABAD-01
2026-06-17,Premium Coffee Beans 1kg,SG-COFFEE-1KG,17,61200,Food,ISLAMABAD-01
2026-06-18,Premium Coffee Beans 1kg,SG-COFFEE-1KG,16,57600,Food,ISLAMABAD-01
2026-06-19,Premium Coffee Beans 1kg,SG-COFFEE-1KG,16,57600,Food,ISLAMABAD-01
2026-06-20,Premium Coffee Beans 1kg,SG-COFFEE-1KG,18,64800,Food,ISLAMABAD-01
2026-06-21,Premium Coffee Beans 1kg,SG-COFFEE-1KG,18,64800,Food,ISLAMABAD-01
2026-06-22,Premium Coffee Beans 1kg,SG-COFFEE-1KG,16,57600,Food,ISLAMABAD-01
2026-06-23,Premium Coffee Beans 1kg,SG-COFFEE-1KG,16,57600,Food,ISLAMABAD-01
2026-06-24,Premium Coffee Beans 1kg,SG-COFFEE-1KG,17,61200,Food,ISLAMABAD-01
2026-06-25,Premium Coffee Beans 1kg,SG-COFFEE-1KG,18,64800,Food,ISLAMABAD-01
2026-06-26,Premium Coffee Beans 1kg,SG-COFFEE-1KG,19,68400,Food,ISLAMABAD-01
2026-06-27,Premium Coffee Beans 1kg,SG-COFFEE-1KG,23,82800,Food,ISLAMABAD-01
2026-06-28,Premium Coffee Beans 1kg,SG-COFFEE-1KG,23,82800,Food,ISLAMABAD-01
2026-06-29,Premium Coffee Beans 1kg,SG-COFFEE-1KG,19,68400,Food,ISLAMABAD-01
2026-06-30,Premium Coffee Beans 1kg,SG-COFFEE-1KG,19,68400,Food,ISLAMABAD-01
2026-07-01,Premium Coffee Beans 1kg,SG-COFFEE-1KG,18,64800,Food,ISLAMABAD-01
2026-07-02,Premium Coffee Beans 1kg,SG-COFFEE-1KG,17,61200,Food,ISLAMABAD-01
2026-07-03,Premium Coffee Beans 1kg,SG-COFFEE-1KG,16,57600,Food,ISLAMABAD-01
2026-07-04,Premium Coffee Beans 1kg,SG-COFFEE-1KG,19,68400,Food,ISLAMABAD-01
2026-07-05,Premium Coffee Beans 1kg,SG-COFFEE-1KG,19,68400,Food,ISLAMABAD-01
2026-07-06,Premium Coffee Beans 1kg,SG-COFFEE-1KG,16,57600,Food,ISLAMABAD-01
2026-07-07,Premium Coffee Beans 1kg,SG-COFFEE-1KG,17,61200,Food,ISLAMABAD-01
2026-07-08,Premium Coffee Beans 1kg,SG-COFFEE-1KG,18,64800,Food,ISLAMABAD-01
2026-07-09,Premium Coffee Beans 1kg,SG-COFFEE-1KG,19,68400,Food,ISLAMABAD-01
2026-07-10,Premium Coffee Beans 1kg,SG-COFFEE-1KG,20,72000,Food,ISLAMABAD-01
2026-07-11,Premium Coffee Beans 1kg,SG-COFFEE-1KG,24,86400,Food,ISLAMABAD-01
2026-07-12,Premium Coffee Beans 1kg,SG-COFFEE-1KG,24,86400,Food,ISLAMABAD-01
2026-07-13,Premium Coffee Beans 1kg,SG-COFFEE-1KG,20,72000,Food,ISLAMABAD-01
2026-07-14,Premium Coffee Beans 1kg,SG-COFFEE-1KG,19,68400,Food,ISLAMABAD-01
2026-07-15,Premium Coffee Beans 1kg,SG-COFFEE-1KG,18,64800,Food,ISLAMABAD-01
2026-07-16,Premium Coffee Beans 1kg,SG-COFFEE-1KG,17,61200,Food,ISLAMABAD-01
2026-07-17,Premium Coffee Beans 1kg,SG-COFFEE-1KG,17,61200,Food,ISLAMABAD-01
2026-07-18,Premium Coffee Beans 1kg,SG-COFFEE-1KG,19,68400,Food,ISLAMABAD-01
2026-07-19,Premium Coffee Beans 1kg,SG-COFFEE-1KG,19,68400,Food,ISLAMABAD-01
2026-07-20,Premium Coffee Beans 1kg,SG-COFFEE-1KG,17,61200,Food,ISLAMABAD-01
2026-07-21,Premium Coffee Beans 1kg,SG-COFFEE-1KG,18,64800,Food,ISLAMABAD-01
2026-07-22,Premium Coffee Beans 1kg,SG-COFFEE-1KG,19,68400,Food,ISLAMABAD-01
2026-07-23,Premium Coffee Beans 1kg,SG-COFFEE-1KG,20,72000,Food,ISLAMABAD-01
2026-07-24,Premium Coffee Beans 1kg,SG-COFFEE-1KG,20,72000,Food,ISLAMABAD-01
2026-07-25,Premium Coffee Beans 1kg,SG-COFFEE-1KG,25,90000,Food,ISLAMABAD-01
2026-07-26,Premium Coffee Beans 1kg,SG-COFFEE-1KG,25,90000,Food,ISLAMABAD-01
2026-07-27,Premium Coffee Beans 1kg,SG-COFFEE-1KG,21,75600,Food,ISLAMABAD-01
2026-07-28,Premium Coffee Beans 1kg,SG-COFFEE-1KG,20,72000,Food,ISLAMABAD-01
2026-07-29,Premium Coffee Beans 1kg,SG-COFFEE-1KG,19,68400,Food,ISLAMABAD-01
2026-07-30,Premium Coffee Beans 1kg,SG-COFFEE-1KG,18,64800,Food,ISLAMABAD-01
2026-07-31,Premium Coffee Beans 1kg,SG-COFFEE-1KG,17,61200,Food,ISLAMABAD-01
2026-08-01,Premium Coffee Beans 1kg,SG-COFFEE-1KG,20,72000,Food,ISLAMABAD-01
2026-08-02,Premium Coffee Beans 1kg,SG-COFFEE-1KG,20,72000,Food,ISLAMABAD-01
2026-08-03,Premium Coffee Beans 1kg,SG-COFFEE-1KG,17,61200,Food,ISLAMABAD-01
2026-08-04,Premium Coffee Beans 1kg,SG-COFFEE-1KG,18,64800,Food,ISLAMABAD-01
2026-08-05,Premium Coffee Beans 1kg,SG-COFFEE-1KG,19,68400,Food,ISLAMABAD-01
2026-08-06,Premium Coffee Beans 1kg,SG-COFFEE-1KG,20,72000,Food,ISLAMABAD-01
2026-08-07,Premium Coffee Beans 1kg,SG-COFFEE-1KG,21,75600,Food,ISLAMABAD-01
2026-08-08,Premium Coffee Beans 1kg,SG-COFFEE-1KG,25,90000,Food,ISLAMABAD-01
2026-08-09,Premium Coffee Beans 1kg,SG-COFFEE-1KG,26,93600,Food,ISLAMABAD-01
2026-08-10,Premium Coffee Beans 1kg,SG-COFFEE-1KG,21,75600,Food,ISLAMABAD-01
2026-08-11,Premium Coffee Beans 1kg,SG-COFFEE-1KG,20,72000,Food,ISLAMABAD-01
2026-08-12,Premium Coffee Beans 1kg,SG-COFFEE-1KG,20,72000,Food,ISLAMABAD-01
2026-08-13,Premium Coffee Beans 1kg,SG-COFFEE-1KG,19,68400,Food,ISLAMABAD-01
2026-08-14,Premium Coffee Beans 1kg,SG-COFFEE-1KG,18,64800,Food,ISLAMABAD-01
2026-08-15,Premium Coffee Beans 1kg,SG-COFFEE-1KG,20,72000,Food,ISLAMABAD-01
2026-08-16,Premium Coffee Beans 1kg,SG-COFFEE-1KG,21,75600,Food,ISLAMABAD-01
2026-08-17,Premium Coffee Beans 1kg,SG-COFFEE-1KG,18,64800,Food,ISLAMABAD-01
2026-08-18,Premium Coffee Beans 1kg,SG-COFFEE-1KG,19,68400,Food,ISLAMABAD-01
2026-08-19,Premium Coffee Beans 1kg,SG-COFFEE-1KG,20,72000,Food,ISLAMABAD-01
2026-08-20,Premium Coffee Beans 1kg,SG-COFFEE-1KG,21,75600,Food,ISLAMABAD-01
2026-08-21,Premium Coffee Beans 1kg,SG-COFFEE-1KG,22,79200,Food,ISLAMABAD-01
2026-08-22,Premium Coffee Beans 1kg,SG-COFFEE-1KG,26,93600,Food,ISLAMABAD-01
2026-08-23,Premium Coffee Beans 1kg,SG-COFFEE-1KG,26,93600,Food,ISLAMABAD-01
2026-08-24,Premium Coffee Beans 1kg,SG-COFFEE-1KG,30,108000,Food,ISLAMABAD-01
2026-08-25,Premium Coffee Beans 1kg,SG-COFFEE-1KG,29,104400,Food,ISLAMABAD-01
2026-08-26,Premium Coffee Beans 1kg,SG-COFFEE-1KG,27,97200,Food,ISLAMABAD-01
2026-08-27,Premium Coffee Beans 1kg,SG-COFFEE-1KG,26,93600,Food,ISLAMABAD-01
2026-08-28,Premium Coffee Beans 1kg,SG-COFFEE-1KG,25,90000,Food,ISLAMABAD-01
2026-08-29,Premium Coffee Beans 1kg,SG-COFFEE-1KG,28,100800,Food,ISLAMABAD-01
2026-08-30,Premium Coffee Beans 1kg,SG-COFFEE-1KG,29,104400,Food,ISLAMABAD-01
2026-08-31,Premium Coffee Beans 1kg,SG-COFFEE-1KG,18,64800,Food,ISLAMABAD-01
2026-09-01,Premium Coffee Beans 1kg,SG-COFFEE-1KG,19,68400,Food,ISLAMABAD-01
2026-09-02,Premium Coffee Beans 1kg,SG-COFFEE-1KG,20,72000,Food,ISLAMABAD-01
2026-09-03,Premium Coffee Beans 1kg,SG-COFFEE-1KG,22,79200,Food,ISLAMABAD-01
2026-09-04,Premium Coffee Beans 1kg,SG-COFFEE-1KG,22,79200,Food,ISLAMABAD-01
2026-09-05,Premium Coffee Beans 1kg,SG-COFFEE-1KG,27,97200,Food,ISLAMABAD-01
2026-09-06,Premium Coffee Beans 1kg,SG-COFFEE-1KG,27,97200,Food,ISLAMABAD-01
2026-09-07,Premium Coffee Beans 1kg,SG-COFFEE-1KG,23,82800,Food,ISLAMABAD-01
2026-09-08,Premium Coffee Beans 1kg,SG-COFFEE-1KG,22,79200,Food,ISLAMABAD-01
2026-09-09,Premium Coffee Beans 1kg,SG-COFFEE-1KG,21,75600,Food,ISLAMABAD-01
2026-09-10,Premium Coffee Beans 1kg,SG-COFFEE-1KG,20,72000,Food,ISLAMABAD-01
2026-09-11,Premium Coffee Beans 1kg,SG-COFFEE-1KG,19,68400,Food,ISLAMABAD-01
2026-09-12,Premium Coffee Beans 1kg,SG-COFFEE-1KG,22,79200,Food,ISLAMABAD-01
2026-09-13,Premium Coffee Beans 1kg,SG-COFFEE-1KG,22,79200,Food,ISLAMABAD-01
2026-09-14,Premium Coffee Beans 1kg,SG-COFFEE-1KG,19,68400,Food,ISLAMABAD-01
2026-09-15,Premium Coffee Beans 1kg,SG-COFFEE-1KG,20,72000,Food,ISLAMABAD-01
2026-09-16,Premium Coffee Beans 1kg,SG-COFFEE-1KG,21,75600,Food,ISLAMABAD-01
2026-09-17,Premium Coffee Beans 1kg,SG-COFFEE-1KG,22,79200,Food,ISLAMABAD-01
2026-09-18,Premium Coffee Beans 1kg,SG-COFFEE-1KG,23,82800,Food,ISLAMABAD-01
2026-09-19,Premium Coffee Beans 1kg,SG-COFFEE-1KG,28,100800,Food,ISLAMABAD-01
2026-09-20,Premium Coffee Beans 1kg,SG-COFFEE-1KG,28,100800,Food,ISLAMABAD-01
2026-09-21,Premium Coffee Beans 1kg,SG-COFFEE-1KG,23,82800,Food,ISLAMABAD-01
2026-09-22,Premium Coffee Beans 1kg,SG-COFFEE-1KG,22,79200,Food,ISLAMABAD-01
2026-06-15,Smart Fitness Watch,SG-WATCH-04,13,363987,Electronics,KARACHI-01
2026-06-16,Smart Fitness Watch,SG-WATCH-04,12,335988,Electronics,KARACHI-01
2026-06-17,Smart Fitness Watch,SG-WATCH-04,11,307989,Electronics,KARACHI-01
2026-06-18,Smart Fitness Watch,SG-WATCH-04,11,307989,Electronics,KARACHI-01
2026-06-19,Smart Fitness Watch,SG-WATCH-04,11,307989,Electronics,KARACHI-01
2026-06-20,Smart Fitness Watch,SG-WATCH-04,13,363987,Electronics,KARACHI-01
2026-06-21,Smart Fitness Watch,SG-WATCH-04,13,363987,Electronics,KARACHI-01
2026-06-22,Smart Fitness Watch,SG-WATCH-04,12,335988,Electronics,KARACHI-01
2026-06-23,Smart Fitness Watch,SG-WATCH-04,12,335988,Electronics,KARACHI-01
2026-06-24,Smart Fitness Watch,SG-WATCH-04,13,363987,Electronics,KARACHI-01
2026-06-25,Smart Fitness Watch,SG-WATCH-04,13,363987,Electronics,KARACHI-01
2026-06-26,Smart Fitness Watch,SG-WATCH-04,14,391986,Electronics,KARACHI-01
2026-06-27,Smart Fitness Watch,SG-WATCH-04,16,447984,Electronics,KARACHI-01
2026-06-28,Smart Fitness Watch,SG-WATCH-04,16,447984,Electronics,KARACHI-01
2026-06-29,Smart Fitness Watch,SG-WATCH-04,13,363987,Electronics,KARACHI-01
2026-06-30,Smart Fitness Watch,SG-WATCH-04,12,335988,Electronics,KARACHI-01
2026-07-01,Smart Fitness Watch,SG-WATCH-04,12,335988,Electronics,KARACHI-01
2026-07-02,Smart Fitness Watch,SG-WATCH-04,11,307989,Electronics,KARACHI-01
2026-07-03,Smart Fitness Watch,SG-WATCH-04,11,307989,Electronics,KARACHI-01
2026-07-04,Smart Fitness Watch,SG-WATCH-04,13,363987,Electronics,KARACHI-01
2026-07-05,Smart Fitness Watch,SG-WATCH-04,14,391986,Electronics,KARACHI-01
2026-07-06,Smart Fitness Watch,SG-WATCH-04,12,335988,Electronics,KARACHI-01
2026-07-07,Smart Fitness Watch,SG-WATCH-04,13,363987,Electronics,KARACHI-01
2026-07-08,Smart Fitness Watch,SG-WATCH-04,13,363987,Electronics,KARACHI-01
2026-07-09,Smart Fitness Watch,SG-WATCH-04,14,391986,Electronics,KARACHI-01
2026-07-10,Smart Fitness Watch,SG-WATCH-04,14,391986,Electronics,KARACHI-01
2026-07-11,Smart Fitness Watch,SG-WATCH-04,17,475983,Electronics,KARACHI-01
2026-07-12,Smart Fitness Watch,SG-WATCH-04,17,475983,Electronics,KARACHI-01
2026-07-13,Smart Fitness Watch,SG-WATCH-04,14,391986,Electronics,KARACHI-01
2026-07-14,Smart Fitness Watch,SG-WATCH-04,13,363987,Electronics,KARACHI-01
2026-07-15,Smart Fitness Watch,SG-WATCH-04,12,335988,Electronics,KARACHI-01
2026-07-16,Smart Fitness Watch,SG-WATCH-04,12,335988,Electronics,KARACHI-01
2026-07-17,Smart Fitness Watch,SG-WATCH-04,12,335988,Electronics,KARACHI-01
2026-07-18,Smart Fitness Watch,SG-WATCH-04,14,391986,Electronics,KARACHI-01
2026-07-19,Smart Fitness Watch,SG-WATCH-04,14,391986,Electronics,KARACHI-01
2026-07-20,Smart Fitness Watch,SG-WATCH-04,12,335988,Electronics,KARACHI-01
2026-07-21,Smart Fitness Watch,SG-WATCH-04,13,363987,Electronics,KARACHI-01
2026-07-22,Smart Fitness Watch,SG-WATCH-04,14,391986,Electronics,KARACHI-01
2026-07-23,Smart Fitness Watch,SG-WATCH-04,14,391986,Electronics,KARACHI-01
2026-07-24,Smart Fitness Watch,SG-WATCH-04,15,419985,Electronics,KARACHI-01
2026-07-25,Smart Fitness Watch,SG-WATCH-04,18,503982,Electronics,KARACHI-01
2026-07-26,Smart Fitness Watch,SG-WATCH-04,17,475983,Electronics,KARACHI-01
2026-07-27,Smart Fitness Watch,SG-WATCH-04,14,391986,Electronics,KARACHI-01
2026-07-28,Smart Fitness Watch,SG-WATCH-04,13,363987,Electronics,KARACHI-01
2026-07-29,Smart Fitness Watch,SG-WATCH-04,13,363987,Electronics,KARACHI-01
2026-07-30,Smart Fitness Watch,SG-WATCH-04,12,335988,Electronics,KARACHI-01
2026-07-31,Smart Fitness Watch,SG-WATCH-04,12,335988,Electronics,KARACHI-01
2026-08-01,Smart Fitness Watch,SG-WATCH-04,14,391986,Electronics,KARACHI-01
2026-08-02,Smart Fitness Watch,SG-WATCH-04,14,391986,Electronics,KARACHI-01
2026-08-03,Smart Fitness Watch,SG-WATCH-04,13,363987,Electronics,KARACHI-01
2026-08-04,Smart Fitness Watch,SG-WATCH-04,14,391986,Electronics,KARACHI-01
2026-08-05,Smart Fitness Watch,SG-WATCH-04,14,391986,Electronics,KARACHI-01
2026-08-06,Smart Fitness Watch,SG-WATCH-04,15,419985,Electronics,KARACHI-01
2026-08-07,Smart Fitness Watch,SG-WATCH-04,15,419985,Electronics,KARACHI-01
2026-08-08,Smart Fitness Watch,SG-WATCH-04,18,503982,Electronics,KARACHI-01
2026-08-09,Smart Fitness Watch,SG-WATCH-04,18,503982,Electronics,KARACHI-01
2026-08-10,Smart Fitness Watch,SG-WATCH-04,15,419985,Electronics,KARACHI-01
2026-08-11,Smart Fitness Watch,SG-WATCH-04,14,391986,Electronics,KARACHI-01
2026-08-12,Smart Fitness Watch,SG-WATCH-04,13,363987,Electronics,KARACHI-01
2026-08-13,Smart Fitness Watch,SG-WATCH-04,13,363987,Electronics,KARACHI-01
2026-08-14,Smart Fitness Watch,SG-WATCH-04,12,335988,Electronics,KARACHI-01
2026-08-15,Smart Fitness Watch,SG-WATCH-04,15,419985,Electronics,KARACHI-01
2026-08-16,Smart Fitness Watch,SG-WATCH-04,15,419985,Electronics,KARACHI-01
2026-08-17,Smart Fitness Watch,SG-WATCH-04,13,363987,Electronics,KARACHI-01
2026-08-18,Smart Fitness Watch,SG-WATCH-04,14,391986,Electronics,KARACHI-01
2026-08-19,Smart Fitness Watch,SG-WATCH-04,15,419985,Electronics,KARACHI-01
2026-08-20,Smart Fitness Watch,SG-WATCH-04,15,419985,Electronics,KARACHI-01
2026-08-21,Smart Fitness Watch,SG-WATCH-04,16,447984,Electronics,KARACHI-01
2026-08-22,Smart Fitness Watch,SG-WATCH-04,19,531981,Electronics,KARACHI-01
2026-08-23,Smart Fitness Watch,SG-WATCH-04,18,503982,Electronics,KARACHI-01
2026-08-24,Smart Fitness Watch,SG-WATCH-04,20,559980,Electronics,KARACHI-01
2026-08-25,Smart Fitness Watch,SG-WATCH-04,19,531981,Electronics,KARACHI-01
2026-08-26,Smart Fitness Watch,SG-WATCH-04,18,503982,Electronics,KARACHI-01
2026-08-27,Smart Fitness Watch,SG-WATCH-04,18,503982,Electronics,KARACHI-01
2026-08-28,Smart Fitness Watch,SG-WATCH-04,17,475983,Electronics,KARACHI-01
2026-08-29,Smart Fitness Watch,SG-WATCH-04,20,559980,Electronics,KARACHI-01
2026-08-30,Smart Fitness Watch,SG-WATCH-04,21,587979,Electronics,KARACHI-01
2026-08-31,Smart Fitness Watch,SG-WATCH-04,14,391986,Electronics,KARACHI-01
2026-09-01,Smart Fitness Watch,SG-WATCH-04,15,419985,Electronics,KARACHI-01
2026-09-02,Smart Fitness Watch,SG-WATCH-04,15,419985,Electronics,KARACHI-01
2026-09-03,Smart Fitness Watch,SG-WATCH-04,16,447984,Electronics,KARACHI-01
2026-09-04,Smart Fitness Watch,SG-WATCH-04,16,447984,Electronics,KARACHI-01
2026-09-05,Smart Fitness Watch,SG-WATCH-04,19,531981,Electronics,KARACHI-01
2026-09-06,Smart Fitness Watch,SG-WATCH-04,19,531981,Electronics,KARACHI-01
2026-09-07,Smart Fitness Watch,SG-WATCH-04,15,419985,Electronics,KARACHI-01
2026-09-08,Smart Fitness Watch,SG-WATCH-04,15,419985,Electronics,KARACHI-01
2026-09-09,Smart Fitness Watch,SG-WATCH-04,14,391986,Electronics,KARACHI-01
2026-09-10,Smart Fitness Watch,SG-WATCH-04,13,363987,Electronics,KARACHI-01
2026-09-11,Smart Fitness Watch,SG-WATCH-04,13,363987,Electronics,KARACHI-01
2026-09-12,Smart Fitness Watch,SG-WATCH-04,16,447984,Electronics,KARACHI-01
2026-09-13,Smart Fitness Watch,SG-WATCH-04,16,447984,Electronics,KARACHI-01
2026-09-14,Smart Fitness Watch,SG-WATCH-04,14,391986,Electronics,KARACHI-01
2026-09-15,Smart Fitness Watch,SG-WATCH-04,15,419985,Electronics,KARACHI-01
2026-09-16,Smart Fitness Watch,SG-WATCH-04,16,447984,Electronics,KARACHI-01
2026-09-17,Smart Fitness Watch,SG-WATCH-04,16,447984,Electronics,KARACHI-01
2026-09-18,Smart Fitness Watch,SG-WATCH-04,17,475983,Electronics,KARACHI-01
2026-09-19,Smart Fitness Watch,SG-WATCH-04,20,559980,Electronics,KARACHI-01
2026-09-20,Smart Fitness Watch,SG-WATCH-04,20,559980,Electronics,KARACHI-01
2026-09-21,Smart Fitness Watch,SG-WATCH-04,16,447984,Electronics,KARACHI-01
2026-09-22,Smart Fitness Watch,SG-WATCH-04,15,419985,Electronics,KARACHI-01
2026-06-15,Professional Football Size 5,SG-FOOTBALL-5,19,104500,Sports,LAHORE-01
2026-06-16,Professional Football Size 5,SG-FOOTBALL-5,18,99000,Sports,LAHORE-01
2026-06-17,Professional Football Size 5,SG-FOOTBALL-5,17,93500,Sports,LAHORE-01
2026-06-18,Professional Football Size 5,SG-FOOTBALL-5,17,93500,Sports,LAHORE-01
2026-06-19,Professional Football Size 5,SG-FOOTBALL-5,17,93500,Sports,LAHORE-01
2026-06-20,Professional Football Size 5,SG-FOOTBALL-5,21,115500,Sports,LAHORE-01
2026-06-21,Professional Football Size 5,SG-FOOTBALL-5,22,121000,Sports,LAHORE-01
2026-06-22,Professional Football Size 5,SG-FOOTBALL-5,19,104500,Sports,LAHORE-01
2026-06-23,Professional Football Size 5,SG-FOOTBALL-5,20,110000,Sports,LAHORE-01
2026-06-24,Professional Football Size 5,SG-FOOTBALL-5,21,115500,Sports,LAHORE-01
2026-06-25,Professional Football Size 5,SG-FOOTBALL-5,22,121000,Sports,LAHORE-01
2026-06-26,Professional Football Size 5,SG-FOOTBALL-5,22,121000,Sports,LAHORE-01
2026-06-27,Professional Football Size 5,SG-FOOTBALL-5,25,137500,Sports,LAHORE-01
2026-06-28,Professional Football Size 5,SG-FOOTBALL-5,24,132000,Sports,LAHORE-01
2026-06-29,Professional Football Size 5,SG-FOOTBALL-5,20,110000,Sports,LAHORE-01
2026-06-30,Professional Football Size 5,SG-FOOTBALL-5,19,104500,Sports,LAHORE-01
2026-07-01,Professional Football Size 5,SG-FOOTBALL-5,18,99000,Sports,LAHORE-01
2026-07-02,Professional Football Size 5,SG-FOOTBALL-5,18,99000,Sports,LAHORE-01
2026-07-03,Professional Football Size 5,SG-FOOTBALL-5,18,99000,Sports,LAHORE-01
2026-07-04,Professional Football Size 5,SG-FOOTBALL-5,21,115500,Sports,LAHORE-01
2026-07-05,Professional Football Size 5,SG-FOOTBALL-5,22,121000,Sports,LAHORE-01
2026-07-06,Professional Football Size 5,SG-FOOTBALL-5,20,110000,Sports,LAHORE-01
2026-07-07,Professional Football Size 5,SG-FOOTBALL-5,21,115500,Sports,LAHORE-01
2026-07-08,Professional Football Size 5,SG-FOOTBALL-5,22,121000,Sports,LAHORE-01
2026-07-09,Professional Football Size 5,SG-FOOTBALL-5,23,126500,Sports,LAHORE-01
2026-07-10,Professional Football Size 5,SG-FOOTBALL-5,23,126500,Sports,LAHORE-01
2026-07-11,Professional Football Size 5,SG-FOOTBALL-5,26,143000,Sports,LAHORE-01
2026-07-12,Professional Football Size 5,SG-FOOTBALL-5,25,137500,Sports,LAHORE-01
2026-07-13,Professional Football Size 5,SG-FOOTBALL-5,21,115500,Sports,LAHORE-01
2026-07-14,Professional Football Size 5,SG-FOOTBALL-5,19,104500,Sports,LAHORE-01
2026-07-15,Professional Football Size 5,SG-FOOTBALL-5,19,104500,Sports,LAHORE-01
2026-07-16,Professional Football Size 5,SG-FOOTBALL-5,18,99000,Sports,LAHORE-01
2026-07-17,Professional Football Size 5,SG-FOOTBALL-5,18,99000,Sports,LAHORE-01
2026-07-18,Professional Football Size 5,SG-FOOTBALL-5,22,121000,Sports,LAHORE-01
2026-07-19,Professional Football Size 5,SG-FOOTBALL-5,23,126500,Sports,LAHORE-01
2026-07-20,Professional Football Size 5,SG-FOOTBALL-5,21,115500,Sports,LAHORE-01
2026-07-21,Professional Football Size 5,SG-FOOTBALL-5,22,121000,Sports,LAHORE-01
2026-07-22,Professional Football Size 5,SG-FOOTBALL-5,23,126500,Sports,LAHORE-01
2026-07-23,Professional Football Size 5,SG-FOOTBALL-5,24,132000,Sports,LAHORE-01
2026-07-24,Professional Football Size 5,SG-FOOTBALL-5,24,132000,Sports,LAHORE-01
2026-07-25,Professional Football Size 5,SG-FOOTBALL-5,27,148500,Sports,LAHORE-01
2026-07-26,Professional Football Size 5,SG-FOOTBALL-5,26,143000,Sports,LAHORE-01
2026-07-27,Professional Football Size 5,SG-FOOTBALL-5,21,115500,Sports,LAHORE-01
2026-07-28,Professional Football Size 5,SG-FOOTBALL-5,20,110000,Sports,LAHORE-01
2026-07-29,Professional Football Size 5,SG-FOOTBALL-5,19,104500,Sports,LAHORE-01
2026-07-30,Professional Football Size 5,SG-FOOTBALL-5,19,104500,Sports,LAHORE-01
2026-07-31,Professional Football Size 5,SG-FOOTBALL-5,19,104500,Sports,LAHORE-01
2026-08-01,Professional Football Size 5,SG-FOOTBALL-5,23,126500,Sports,LAHORE-01
2026-08-02,Professional Football Size 5,SG-FOOTBALL-5,24,132000,Sports,LAHORE-01
2026-08-03,Professional Football Size 5,SG-FOOTBALL-5,22,121000,Sports,LAHORE-01
2026-08-04,Professional Football Size 5,SG-FOOTBALL-5,23,126500,Sports,LAHORE-01
2026-08-05,Professional Football Size 5,SG-FOOTBALL-5,24,132000,Sports,LAHORE-01
2026-08-06,Professional Football Size 5,SG-FOOTBALL-5,24,132000,Sports,LAHORE-01
2026-08-07,Professional Football Size 5,SG-FOOTBALL-5,24,132000,Sports,LAHORE-01
2026-08-08,Professional Football Size 5,SG-FOOTBALL-5,28,154000,Sports,LAHORE-01
2026-08-09,Professional Football Size 5,SG-FOOTBALL-5,27,148500,Sports,LAHORE-01
2026-08-10,Professional Football Size 5,SG-FOOTBALL-5,22,121000,Sports,LAHORE-01
2026-08-11,Professional Football Size 5,SG-FOOTBALL-5,21,115500,Sports,LAHORE-01
2026-08-12,Professional Football Size 5,SG-FOOTBALL-5,20,110000,Sports,LAHORE-01
2026-08-13,Professional Football Size 5,SG-FOOTBALL-5,20,110000,Sports,LAHORE-01
2026-08-14,Professional Football Size 5,SG-FOOTBALL-5,20,110000,Sports,LAHORE-01
2026-08-15,Professional Football Size 5,SG-FOOTBALL-5,24,132000,Sports,LAHORE-01
2026-08-16,Professional Football Size 5,SG-FOOTBALL-5,25,137500,Sports,LAHORE-01
2026-08-17,Professional Football Size 5,SG-FOOTBALL-5,22,121000,Sports,LAHORE-01
2026-08-18,Professional Football Size 5,SG-FOOTBALL-5,24,132000,Sports,LAHORE-01
2026-08-19,Professional Football Size 5,SG-FOOTBALL-5,25,137500,Sports,LAHORE-01
2026-08-20,Professional Football Size 5,SG-FOOTBALL-5,25,137500,Sports,LAHORE-01
2026-08-21,Professional Football Size 5,SG-FOOTBALL-5,25,137500,Sports,LAHORE-01
2026-08-22,Professional Football Size 5,SG-FOOTBALL-5,29,159500,Sports,LAHORE-01
2026-08-23,Professional Football Size 5,SG-FOOTBALL-5,28,154000,Sports,LAHORE-01
2026-08-24,Professional Football Size 5,SG-FOOTBALL-5,31,170500,Sports,LAHORE-01
2026-08-25,Professional Football Size 5,SG-FOOTBALL-5,29,159500,Sports,LAHORE-01
2026-08-26,Professional Football Size 5,SG-FOOTBALL-5,28,154000,Sports,LAHORE-01
2026-08-27,Professional Football Size 5,SG-FOOTBALL-5,27,148500,Sports,LAHORE-01
2026-08-28,Professional Football Size 5,SG-FOOTBALL-5,27,148500,Sports,LAHORE-01
2026-08-29,Professional Football Size 5,SG-FOOTBALL-5,33,181500,Sports,LAHORE-01
2026-08-30,Professional Football Size 5,SG-FOOTBALL-5,35,192500,Sports,LAHORE-01
2026-08-31,Professional Football Size 5,SG-FOOTBALL-5,23,126500,Sports,LAHORE-01
2026-09-01,Professional Football Size 5,SG-FOOTBALL-5,24,132000,Sports,LAHORE-01
2026-09-02,Professional Football Size 5,SG-FOOTBALL-5,25,137500,Sports,LAHORE-01
2026-09-03,Professional Football Size 5,SG-FOOTBALL-5,26,143000,Sports,LAHORE-01
2026-09-04,Professional Football Size 5,SG-FOOTBALL-5,26,143000,Sports,LAHORE-01
2026-09-05,Professional Football Size 5,SG-FOOTBALL-5,30,165000,Sports,LAHORE-01
2026-09-06,Professional Football Size 5,SG-FOOTBALL-5,29,159500,Sports,LAHORE-01
2026-09-07,Professional Football Size 5,SG-FOOTBALL-5,24,132000,Sports,LAHORE-01
2026-09-08,Professional Football Size 5,SG-FOOTBALL-5,22,121000,Sports,LAHORE-01
2026-09-09,Professional Football Size 5,SG-FOOTBALL-5,21,115500,Sports,LAHORE-01
2026-09-10,Professional Football Size 5,SG-FOOTBALL-5,21,115500,Sports,LAHORE-01
2026-09-11,Professional Football Size 5,SG-FOOTBALL-5,21,115500,Sports,LAHORE-01
2026-09-12,Professional Football Size 5,SG-FOOTBALL-5,25,137500,Sports,LAHORE-01
2026-09-13,Professional Football Size 5,SG-FOOTBALL-5,27,148500,Sports,LAHORE-01
2026-09-14,Professional Football Size 5,SG-FOOTBALL-5,24,132000,Sports,LAHORE-01
2026-09-15,Professional Football Size 5,SG-FOOTBALL-5,25,137500,Sports,LAHORE-01
2026-09-16,Professional Football Size 5,SG-FOOTBALL-5,26,143000,Sports,LAHORE-01
2026-09-17,Professional Football Size 5,SG-FOOTBALL-5,27,148500,Sports,LAHORE-01
2026-09-18,Professional Football Size 5,SG-FOOTBALL-5,27,148500,Sports,LAHORE-01
2026-09-19,Professional Football Size 5,SG-FOOTBALL-5,31,170500,Sports,LAHORE-01
2026-09-20,Professional Football Size 5,SG-FOOTBALL-5,30,165000,Sports,LAHORE-01
2026-09-21,Professional Football Size 5,SG-FOOTBALL-5,24,132000,Sports,LAHORE-01
2026-09-22,Professional Football Size 5,SG-FOOTBALL-5,23,126500,Sports,LAHORE-01
